source_record_id,scan_id,shipment_id,event_sequence_no,event_type,shipment_status,event_time,hub_id,carrier_id,route_id,exception_type,package_condition,status_reason,source_system,run_id
SCNREC000000001,SCN000000001,SHP00000001,1,CREATED,CREATED,2026-05-06 09:30:00,H013,C006,R065,,GOOD,,SHIPTRACK_SCAN,P10_STAGE1_R1
SCNREC000000002,SCN000000002,SHP00000001,2,PICKED_UP,PICKED_UP,2026-05-06 18:59:30,H013,C006,R065,,GOOD,,SHIPTRACK_SCAN,P10_STAGE1_R1
SCNREC000000003,SCN000000003,SHP00000001,3,DEPARTED_HUB,IN_TRANSIT,2026-05-07 02:28:47,H013,C006,R065,,GOOD,,SHIPTRACK_SCAN,P10_STAGE1_R1
SCNREC000000004,SCN000000004,SHP00000001,4,ARRIVED_HUB,AT_HUB,2026-05-07 14:57:35,H006,C006,R065,,GOOD,,SHIPTRACK_SCAN,P10_STAGE1_R1
SCNREC000000005,SCN000000005,SHP00000001,5,DEPARTED_HUB,IN_TRANSIT,2026-05-08 00:06:42,H006,C006,R065,,GOOD,,SHIPTRACK_SCAN,P10_STAGE1_R1
SCNREC000000006,SCN000000006,SHP00000001,6,ARRIVED_HUB,AT_HUB,2026-05-08 06:46:04,H011,C006,R065,,GOOD,,SHIPTRACK_SCAN,P10_STAGE1_R1
SCNREC000000007,SCN000000007,SHP00000001,7,STATUS_UPDATE,OUT_FOR_DELIVERY,2026-05-08 10:15:50,H011,C006,R065,,GOOD,,SHIPTRACK_SCAN,P10_STAGE1_R1
SCNREC000000008,SCN000000008,SHP00000001,8,DELIVERY_CONFIRMATION,DELIVERED,2026-05-08 13:15:50,H011,C006,R065,,GOOD,,SHIPTRACK_SCAN,P10_STAGE1_R1
SCNREC000000009,SCN000000009,SHP00000002,1,CREATED,CREATED,2026-01-30 22:44:00,H003,C008,R036,,GOOD,,SHIPTRACK_SCAN,P10_STAGE1_R1
SCNREC000000010,SCN000000010,SHP00000002,2,PICKED_UP,PICKED_UP,2026-01-31 07:36:40,H003,C008,R036,,GOOD,,SHIPTRACK_SCAN,P10_STAGE1_R1
SCNREC000000011,SCN000000011,SHP00000002,3,DEPARTED_HUB,IN_TRANSIT,2026-01-31 15:04:52,H003,C008,R036,,GOOD,,SHIPTRACK_SCAN,P10_STAGE1_R1
SCNREC000000012,SCN000000012,SHP00000002,4,ARRIVED_HUB,AT_HUB,2026-02-01 03:31:52,H011,C008,R036,,GOOD,,SHIPTRACK_SCAN,P10_STAGE1_R1
SCNREC000000013,SCN000000013,SHP00000002,5,DEPARTED_HUB,IN_TRANSIT,2026-02-01 12:39:40,H011,C008,R036,,GOOD,,SHIPTRACK_SCAN,P10_STAGE1_R1
SCNREC000000014,SCN000000014,SHP00000002,6,ARRIVED_HUB,AT_HUB,2026-02-01 19:18:04,H005,C008,R036,,GOOD,,SHIPTRACK_SCAN,P10_STAGE1_R1
SCNREC000000015,SCN000000015,SHP00000002,7,STATUS_UPDATE,OUT_FOR_DELIVERY,2026-02-01 22:47:28,H005,C008,R036,,GOOD,,SHIPTRACK_SCAN,P10_STAGE1_R1
SCNREC000000016,SCN000000016,SHP00000002,8,DELIVERY_CONFIRMATION,DELIVERED,2026-02-02 01:47:28,H005,C008,R036,,GOOD,,SHIPTRACK_SCAN,P10_STAGE1_R1
SCNREC000000017,SCN000000017,SHP00000003,1,CREATED,CREATED,2026-05-09 03:22:00,H009,C009,R094,,GOOD,,SHIPTRACK_SCAN,P10_STAGE1_R1
SCNREC000000018,SCN000000018,SHP00000003,2,PICKED_UP,PICKED_UP,2026-05-09 05:37:03,H009,C009,R094,,GOOD,,SHIPTRACK_SCAN,P10_STAGE1_R1
SCNREC000000019,SCN000000019,SHP00000003,3,DEPARTED_HUB,IN_TRANSIT,2026-05-09 07:36:56,H009,C009,R094,,GOOD,,SHIPTRACK_SCAN,P10_STAGE1_R1
SCNREC000000020,SCN000000020,SHP00000003,4,ARRIVED_HUB,AT_HUB,2026-05-09 15:09:49,H004,C009,R094,,GOOD,,SHIPTRACK_SCAN,P10_STAGE1_R1
SCNREC000000021,SCN000000021,SHP00000003,5,STATUS_UPDATE,OUT_FOR_DELIVERY,2026-05-09 16:49:46,H004,C009,R094,,GOOD,,SHIPTRACK_SCAN,P10_STAGE1_R1
SCNREC000000022,SCN000000022,SHP00000003,6,DELIVERY_CONFIRMATION,DELIVERED,2026-05-09 19:49:46,H004,C009,R094,,GOOD,,SHIPTRACK_SCAN,P10_STAGE1_R1
SCNREC000000023,SCN000000023,SHP00000004,1,CREATED,CREATED,2026-06-19 21:16:00,H003,C008,R036,,GOOD,,SHIPTRACK_SCAN,P10_STAGE1_R1
SCNREC000000024,SCN000000024,SHP00000004,2,PICKED_UP,PICKED_UP,2026-06-20 13:50:08,H003,C008,R036,,GOOD,,SHIPTRACK_SCAN,P10_STAGE1_R1
SCNREC000000025,SCN000000025,SHP00000004,3,DEPARTED_HUB,IN_TRANSIT,2026-06-20 21:18:20,H003,C008,R036,,GOOD,,SHIPTRACK_SCAN,P10_STAGE1_R1
SCNREC000000026,SCN000000026,SHP00000004,4,ARRIVED_HUB,AT_HUB,2026-06-21 09:45:20,H010,C008,R036,,GOOD,,SHIPTRACK_SCAN,P10_STAGE1_R1
SCNREC000000027,SCN000000027,SHP00000004,5,DEPARTED_HUB,IN_TRANSIT,2026-06-21 18:53:08,H010,C008,R036,,GOOD,,SHIPTRACK_SCAN,P10_STAGE1_R1
SCNREC000000028,SCN000000028,SHP00000004,6,ARRIVED_HUB,AT_HUB,2026-06-22 01:31:32,H005,C008,R036,,GOOD,,SHIPTRACK_SCAN,P10_STAGE1_R1
SCNREC000000029,SCN000000029,SHP00000004,7,STATUS_UPDATE,OUT_FOR_DELIVERY,2026-06-22 19:59:51,H005,C008,R036,,GOOD,,SHIPTRACK_SCAN,P10_STAGE1_R1
SCNREC000000030,SCN000000030,SHP00000004,8,DELIVERY_CONFIRMATION,DELIVERED,2026-06-22 22:59:51,H005,C008,R036,,GOOD,,SHIPTRACK_SCAN,P10_STAGE1_R1
SCNREC000000031,SCN000000031,SHP00000005,1,CREATED,CREATED,2026-06-23 00:50:00,H006,C008,R075,,GOOD,,SHIPTRACK_SCAN,P10_STAGE1_R1
SCNREC000000032,SCN000000032,SHP00000005,2,PICKED_UP,PICKED_UP,2026-06-23 15:23:05,H006,C008,R075,,GOOD,,SHIPTRACK_SCAN,P10_STAGE1_R1
SCNREC000000033,SCN000000033,SHP00000005,3,DEPARTED_HUB,IN_TRANSIT,2026-06-23 19:52:00,H006,C008,R075,,GOOD,,SHIPTRACK_SCAN,P10_STAGE1_R1
SCNREC000000034,SCN000000034,SHP00000005,4,ARRIVED_HUB,AT_HUB,2026-06-24 03:20:12,H007,C008,R075,,GOOD,,SHIPTRACK_SCAN,P10_STAGE1_R1
SCNREC000000035,SCN000000035,SHP00000005,5,DEPARTED_HUB,IN_TRANSIT,2026-06-24 08:48:53,H007,C008,R075,,GOOD,,SHIPTRACK_SCAN,P10_STAGE1_R1
SCNREC000000036,SCN000000036,SHP00000005,6,ARRIVED_HUB,AT_HUB,2026-06-24 12:47:55,H012,C008,R075,,GOOD,,SHIPTRACK_SCAN,P10_STAGE1_R1
SCNREC000000037,SCN000000037,SHP00000005,7,STATUS_UPDATE,OUT_FOR_DELIVERY,2026-06-24 23:51:05,H012,C008,R075,,GOOD,,SHIPTRACK_SCAN,P10_STAGE1_R1
SCNREC000000038,SCN000000038,SHP00000005,8,DELIVERY_CONFIRMATION,DELIVERED,2026-06-25 02:51:05,H012,C008,R075,,GOOD,,SHIPTRACK_SCAN,P10_STAGE1_R1
SCNREC000000039,SCN000000039,SHP00000006,1,CREATED,CREATED,2026-05-21 20:33:00,H001,C006,R046,,GOOD,,SHIPTRACK_SCAN,P10_STAGE1_R1
SCNREC000000040,SCN000000040,SHP00000006,2,PICKED_UP,PICKED_UP,2026-05-22 03:37:15,H001,C006,R046,,GOOD,,SHIPTRACK_SCAN,P10_STAGE1_R1
SCNREC000000041,SCN000000041,SHP00000006,3,DEPARTED_HUB,IN_TRANSIT,2026-05-22 09:23:56,H001,C006,R046,,GOOD,,SHIPTRACK_SCAN,P10_STAGE1_R1
SCNREC000000042,SCN000000042,SHP00000006,4,ARRIVED_HUB,AT_HUB,2026-05-22 19:01:44,H009,C006,R046,,GOOD,,SHIPTRACK_SCAN,P10_STAGE1_R1
SCNREC000000043,SCN000000043,SHP00000006,5,DEPARTED_HUB,IN_TRANSIT,2026-05-23 02:05:27,H009,C006,R046,,GOOD,,SHIPTRACK_SCAN,P10_STAGE1_R1
SCNREC000000044,SCN000000044,SHP00000006,6,ARRIVED_HUB,AT_HUB,2026-05-23 07:13:37,H008,C006,R046,,GOOD,,SHIPTRACK_SCAN,P10_STAGE1_R1
SCNREC000000045,SCN000000045,SHP00000006,7,STATUS_UPDATE,OUT_FOR_DELIVERY,2026-05-23 08:13:37,H008,C006,R046,,GOOD,,SHIPTRACK_SCAN,P10_STAGE1_R1
SCNREC000000046,SCN000000046,SHP00000007,1,CREATED,CREATED,2026-02-07 15:46:00,H012,C006,R015,,GOOD,,SHIPTRACK_SCAN,P10_STAGE1_R1
SCNREC000000047,SCN000000047,SHP00000007,2,PICKED_UP,PICKED_UP,2026-02-08 00:24:05,H012,C006,R015,,GOOD,,SHIPTRACK_SCAN,P10_STAGE1_R1
SCNREC000000048,SCN000000048,SHP00000007,3,DEPARTED_HUB,IN_TRANSIT,2026-02-08 05:40:32,H012,C006,R015,,GOOD,,SHIPTRACK_SCAN,P10_STAGE1_R1
SCNREC000000049,SCN000000049,SHP00000007,4,ARRIVED_HUB,AT_HUB,2026-02-08 14:27:56,H006,C006,R015,,GOOD,,SHIPTRACK_SCAN,P10_STAGE1_R1
SCNREC000000050,SCN000000050,SHP00000007,5,DEPARTED_HUB,IN_TRANSIT,2026-02-08 20:54:41,H006,C006,R015,,GOOD,,SHIPTRACK_SCAN,P10_STAGE1_R1
SCNREC000000051,SCN000000051,SHP00000007,6,ARRIVED_HUB,AT_HUB,2026-02-09 01:35:58,H002,C006,R015,,GOOD,,SHIPTRACK_SCAN,P10_STAGE1_R1
SCNREC000000052,SCN000000052,SHP00000007,7,STATUS_UPDATE,OUT_FOR_DELIVERY,2026-02-09 04:21:27,H002,C006,R015,,GOOD,,SHIPTRACK_SCAN,P10_STAGE1_R1
SCNREC000000053,SCN000000053,SHP00000007,8,DELIVERY_CONFIRMATION,DELIVERED,2026-02-09 07:21:27,H002,C006,R015,,GOOD,,SHIPTRACK_SCAN,P10_STAGE1_R1
SCNREC000000054,SCN000000054,SHP00000008,1,CREATED,CREATED,2026-05-16 12:23:00,H004,C007,R079,,GOOD,,SHIPTRACK_SCAN,P10_STAGE1_R1
SCNREC000000055,SCN000000055,SHP00000008,2,STATUS_UPDATE,CANCELLED,2026-05-16 13:24:00,H004,C007,R079,,GOOD,CAPACITY_REPLAN,SHIPTRACK_SCAN,P10_STAGE1_R1
SCNREC000000056,SCN000000056,SHP00000009,1,CREATED,CREATED,2026-01-04 19:40:00,H011,C007,R039,,GOOD,,SHIPTRACK_SCAN,P10_STAGE1_R1
SCNREC000000057,SCN000000057,SHP00000009,2,PICKED_UP,PICKED_UP,2026-01-05 11:19:37,H011,C007,R039,,GOOD,,SHIPTRACK_SCAN,P10_STAGE1_R1
SCNREC000000058,SCN000000058,SHP00000009,3,DEPARTED_HUB,IN_TRANSIT,2026-01-05 16:38:13,H011,C007,R039,,GOOD,,SHIPTRACK_SCAN,P10_STAGE1_R1
SCNREC000000059,SCN000000059,SHP00000009,4,ARRIVED_HUB,AT_HUB,2026-01-06 01:29:13,H005,C007,R039,,GOOD,,SHIPTRACK_SCAN,P10_STAGE1_R1
SCNREC000000060,SCN000000060,SHP00000009,5,EXCEPTION,AT_HUB,2026-01-06 03:23:20,H005,C007,R039,MISSED_CONNECTION,CHECK_REQUIRED,MISSED_CONNECTION,SHIPTRACK_SCAN,P10_STAGE1_R1
SCNREC000000061,SCN000000061,SHP00000009,6,DEPARTED_HUB,IN_TRANSIT,2026-01-06 07:58:37,H005,C007,R039,,GOOD,,SHIPTRACK_SCAN,P10_STAGE1_R1
SCNREC000000062,SCN000000062,SHP00000009,7,ARRIVED_HUB,AT_HUB,2026-01-06 12:41:49,H012,C007,R039,,GOOD,,SHIPTRACK_SCAN,P10_STAGE1_R1
SCNREC000000063,SCN000000063,SHP00000009,8,STATUS_UPDATE,OUT_FOR_DELIVERY,2026-01-06 15:28:01,H012,C007,R039,,GOOD,,SHIPTRACK_SCAN,P10_STAGE1_R1
SCNREC000000064,SCN000000064,SHP00000009,9,DELIVERY_CONFIRMATION,DELIVERED,2026-01-06 18:28:01,H012,C007,R039,,GOOD,,SHIPTRACK_SCAN,P10_STAGE1_R1
SCNREC000000065,SCN000000065,SHP00000010,1,CREATED,CREATED,2026-06-01 14:04:00,H009,C007,R063,,GOOD,,SHIPTRACK_SCAN,P10_STAGE1_R1
SCNREC000000066,SCN000000066,SHP00000010,2,PICKED_UP,PICKED_UP,2026-06-01 17:49:33,H009,C007,R063,,GOOD,,SHIPTRACK_SCAN,P10_STAGE1_R1
SCNREC000000067,SCN000000067,SHP00000010,3,DEPARTED_HUB,IN_TRANSIT,2026-06-01 22:19:33,H009,C007,R063,,GOOD,,SHIPTRACK_SCAN,P10_STAGE1_R1
SCNREC000000068,SCN000000068,SHP00000010,4,ARRIVED_HUB,AT_HUB,2026-06-02 05:49:33,H010,C007,R063,,GOOD,,SHIPTRACK_SCAN,P10_STAGE1_R1
SCNREC000000069,SCN000000069,SHP00000010,5,EXCEPTION,AT_HUB,2026-06-02 06:05:59,H010,C007,R063,CAPACITY,CHECK_REQUIRED,CAPACITY,SHIPTRACK_SCAN,P10_STAGE1_R1
SCNREC000000070,SCN000000070,SHP00000010,6,DEPARTED_HUB,IN_TRANSIT,2026-06-02 11:19:33,H010,C007,R063,,GOOD,,SHIPTRACK_SCAN,P10_STAGE1_R1
SCNREC000000071,SCN000000071,SHP00000010,7,ARRIVED_HUB,AT_HUB,2026-06-02 15:19:33,H004,C007,R063,,GOOD,,SHIPTRACK_SCAN,P10_STAGE1_R1
SCNREC000000072,SCN000000072,SHP00000010,8,STATUS_UPDATE,OUT_FOR_DELIVERY,2026-06-02 21:36:16,H004,C007,R063,,GOOD,,SHIPTRACK_SCAN,P10_STAGE1_R1
SCNREC000000073,SCN000000073,SHP00000010,9,DELIVERY_CONFIRMATION,DELIVERED,2026-06-03 00:36:16,H004,C007,R063,,GOOD,,SHIPTRACK_SCAN,P10_STAGE1_R1
SCNREC000000074,SCN000000074,SHP00000011,1,CREATED,CREATED,2026-04-03 03:54:00,H001,C006,R082,,GOOD,,SHIPTRACK_SCAN,P10_STAGE1_R1
SCNREC000000075,SCN000000075,SHP00000011,2,PICKED_UP,PICKED_UP,2026-04-03 09:02:18,H001,C006,R082,,GOOD,,SHIPTRACK_SCAN,P10_STAGE1_R1
SCNREC000000076,SCN000000076,SHP00000011,3,DEPARTED_HUB,IN_TRANSIT,2026-04-03 13:08:32,H001,C006,R082,,GOOD,,SHIPTRACK_SCAN,P10_STAGE1_R1
SCNREC000000077,SCN000000077,SHP00000011,4,ARRIVED_HUB,AT_HUB,2026-04-03 19:58:56,H010,C006,R082,,GOOD,,SHIPTRACK_SCAN,P10_STAGE1_R1
SCNREC000000078,SCN000000078,SHP00000011,5,DEPARTED_HUB,IN_TRANSIT,2026-04-04 00:59:54,H010,C006,R082,,GOOD,,SHIPTRACK_SCAN,P10_STAGE1_R1
SCNREC000000079,SCN000000079,SHP00000011,6,ARRIVED_HUB,AT_HUB,2026-04-04 04:38:46,H011,C006,R082,,GOOD,,SHIPTRACK_SCAN,P10_STAGE1_R1
SCNREC000000080,SCN000000080,SHP00000011,7,STATUS_UPDATE,OUT_FOR_DELIVERY,2026-04-04 07:00:51,H011,C006,R082,,GOOD,,SHIPTRACK_SCAN,P10_STAGE1_R1
SCNREC000000081,SCN000000081,SHP00000011,8,DELIVERY_CONFIRMATION,DELIVERED,2026-04-04 10:00:51,H011,C006,R082,,GOOD,,SHIPTRACK_SCAN,P10_STAGE1_R1
SCNREC000000082,SCN000000082,SHP00000012,1,CREATED,CREATED,2026-01-08 01:33:00,H010,C001,R054,,GOOD,,SHIPTRACK_SCAN,P10_STAGE1_R1
SCNREC000000083,SCN000000083,SHP00000012,2,PICKED_UP,PICKED_UP,2026-01-08 11:03:29,H010,C001,R054,,GOOD,,SHIPTRACK_SCAN,P10_STAGE1_R1
SCNREC000000084,SCN000000084,SHP00000012,3,DEPARTED_HUB,IN_TRANSIT,2026-01-08 20:13:12,H010,C001,R054,,GOOD,,SHIPTRACK_SCAN,P10_STAGE1_R1
SCNREC000000085,SCN000000085,SHP00000012,4,ARRIVED_HUB,AT_HUB,2026-01-09 11:29:24,H011,C001,R054,,GOOD,,SHIPTRACK_SCAN,P10_STAGE1_R1
SCNREC000000086,SCN000000086,SHP00000012,5,DEPARTED_HUB,IN_TRANSIT,2026-01-09 22:41:17,H011,C001,R054,,GOOD,,SHIPTRACK_SCAN,P10_STAGE1_R1
SCNREC000000087,SCN000000087,SHP00000012,6,ARRIVED_HUB,AT_HUB,2026-01-10 06:49:55,H004,C001,R054,,GOOD,,SHIPTRACK_SCAN,P10_STAGE1_R1
SCNREC000000088,SCN000000088,SHP00000012,7,STATUS_UPDATE,OUT_FOR_DELIVERY,2026-01-11 06:29:47,H004,C001,R054,,GOOD,,SHIPTRACK_SCAN,P10_STAGE1_R1
SCNREC000000089,SCN000000089,SHP00000012,8,DELIVERY_CONFIRMATION,DELIVERED,2026-01-11 09:29:47,H004,C001,R054,,GOOD,,SHIPTRACK_SCAN,P10_STAGE1_R1
SCNREC000000090,SCN000000090,SHP00000013,1,CREATED,CREATED,2026-02-10 11:57:00,H011,C006,R067,,GOOD,,SHIPTRACK_SCAN,P10_STAGE1_R1
SCNREC000000091,SCN000000091,SHP00000013,2,PICKED_UP,PICKED_UP,2026-02-10 21:23:53,H011,C006,R067,,GOOD,,SHIPTRACK_SCAN,P10_STAGE1_R1
SCNREC000000092,SCN000000092,SHP00000013,3,DEPARTED_HUB,IN_TRANSIT,2026-02-11 00:24:14,H011,C006,R067,,GOOD,,SHIPTRACK_SCAN,P10_STAGE1_R1
SCNREC000000093,SCN000000093,SHP00000013,4,ARRIVED_HUB,AT_HUB,2026-02-11 11:45:36,H002,C006,R067,,GOOD,,SHIPTRACK_SCAN,P10_STAGE1_R1
SCNREC000000094,SCN000000094,SHP00000013,5,STATUS_UPDATE,OUT_FOR_DELIVERY,2026-02-11 15:44:30,H002,C006,R067,,GOOD,,SHIPTRACK_SCAN,P10_STAGE1_R1
SCNREC000000095,SCN000000095,SHP00000013,6,DELIVERY_CONFIRMATION,DELIVERED,2026-02-11 18:44:30,H002,C006,R067,,GOOD,,SHIPTRACK_SCAN,P10_STAGE1_R1
SCNREC000000096,SCN000000096,SHP00000014,1,CREATED,CREATED,2026-03-08 12:50:00,H013,C008,R073,,GOOD,,SHIPTRACK_SCAN,P10_STAGE1_R1
SCNREC000000097,SCN000000097,SHP00000014,2,PICKED_UP,PICKED_UP,2026-03-09 01:24:07,H013,C008,R073,,GOOD,,SHIPTRACK_SCAN,P10_STAGE1_R1
SCNREC000000098,SCN000000098,SHP00000014,3,DEPARTED_HUB,IN_TRANSIT,2026-03-09 07:56:09,H013,C008,R073,,GOOD,,SHIPTRACK_SCAN,P10_STAGE1_R1
SCNREC000000099,SCN000000099,SHP00000014,4,ARRIVED_HUB,AT_HUB,2026-03-09 18:49:33,H006,C008,R073,,GOOD,,SHIPTRACK_SCAN,P10_STAGE1_R1
SCNREC000000100,SCN000000100,SHP00000014,5,DEPARTED_HUB,IN_TRANSIT,2026-03-10 02:48:43,H006,C008,R073,,GOOD,,SHIPTRACK_SCAN,P10_STAGE1_R1
